comment_id,hate_speech_score,ordinal_label,fold
17090,-3.03,supportive,1.0
26214,0.45,neutral,4.0
46846,-3.26,supportive,4.0
42264,0.4,neutral,0.0
34131,0.36,neutral,3.0
41554,-3.15,supportive,1.0
33238,0.05,neutral,2.0
43431,2.32,hate,4.0
40697,0.52,hate,0.0
38937,-2.81,supportive,1.0
25695,-1.7,supportive,3.0
12106,-1.17,supportive,4.0
40914,-4.01,supportive,1.0
48952,1.41,hate,0.0
26245,0.5,neutral,2.0
7761,-2.45,supportive,3.0
41119,0.87,hate,3.0
18838,0.57,hate,3.0
48322,-1.47,supportive,1.0
30721,1.91,hate,4.0
48062,0.25,neutral,4.0
28704,-0.23,neutral,3.0
30401,-2.21,supportive,3.0
31888,0.33,neutral,4.0
12020,-1.79,supportive,0.0
44328,-0.59,neutral,1.0
27953,0.99,hate,0.0
13432,-0.86,neutral,1.0
7160,-2.81,supportive,1.0
16902,-2.75,supportive,2.0
903,-0.39,neutral,3.0
49558,-0.7,neutral,4.0
28642,-3.86,supportive,4.0
39849,-5.02,supportive,1.0
19533,-0.84,neutral,1.0
4666,-3.39,supportive,2.0
22873,0.09,neutral,3.0
13270,-0.54,neutral,3.0
35282,-0.25,neutral,0.0
16607,-0.09,neutral,1.0
40521,1.37,hate,3.0
12621,-1.03,supportive,1.0
16273,0.94,hate,4.0
40455,-3.09,supportive,0.0
43754,-1.05,supportive,2.0
49652,0.6,hate,4.0
3107,0.53,hate,0.0
34086,-0.37,neutral,0.0
40695,-2.37,supportive,3.0
16970,0.45,neutral,2.0
3405,-0.74,neutral,2.0
6073,-0.32,neutral,0.0
4933,-0.1,neutral,3.0
9181,-0.1,neutral,1.0
37390,-1.69,supportive,0.0
36058,-2.4,supportive,0.0
21592,1.96,hate,0.0
37220,-2.46,supportive,2.0
16766,-6.43,supportive,2.0
26688,0.63,hate,3.0
8690,-0.85,neutral,2.0
19266,-1.84,supportive,0.0
4241,3.42,hate,4.0
29771,-0.8,neutral,2.0
45734,-4.39,supportive,0.0
27281,0.78,hate,1.0
16556,0.58,hate,0.0
18609,-1.74,supportive,4.0
21885,-3.66,supportive,1.0
12837,-3.86,supportive,1.0
39821,-5.17,supportive,0.0
41776,-5.5,supportive,4.0
27673,0.97,hate,2.0
49143,-1.8,supportive,4.0
28707,-2.81,supportive,4.0
7992,1.91,hate,0.0
9295,0.26,neutral,0.0
34747,-0.1,neutral,0.0
24774,0.68,hate,4.0
45757,-0.4,neutral,3.0
49569,1.31,hate,1.0
49357,0.79,hate,1.0
7525,-1.67,supportive,4.0
42646,3.71,hate,4.0
42919,-2.18,supportive,4.0
11840,3.61,hate,3.0
6452,-3.7,supportive,0.0
38068,1.39,hate,2.0
43823,-0.73,neutral,0.0
1071,-3.0,supportive,2.0
15021,-2.83,supportive,2.0
16812,0.54,hate,0.0
10670,-1.3,supportive,0.0
36710,-0.07,neutral,2.0
109,-0.53,neutral,1.0
31512,-1.59,supportive,1.0
47419,-0.02,neutral,3.0
48088,-0.35,neutral,4.0
19073,-0.1,neutral,3.0
43101,0.08,neutral,1.0
50034,-3.23,supportive,0.0
738,-0.77,neutral,1.0
2754,-2.59,supportive,3.0
30599,-3.48,supportive,1.0
18730,1.55,hate,2.0
44588,-0.68,neutral,3.0
4031,0.83,hate,1.0
46201,-1.08,supportive,0.0
48722,2.96,hate,2.0
9205,0.07,neutral,3.0
42167,1.65,hate,1.0
19452,-2.13,supportive,3.0
47336,0.39,neutral,4.0
36452,-1.21,supportive,1.0
18816,-3.59,supportive,3.0
45420,1.26,hate,3.0
7672,1.44,hate,2.0
45707,1.84,hate,1.0
45042,0.1,neutral,4.0
11419,-5.4,supportive,4.0
17104,1.55,hate,0.0
27940,-0.93,neutral,1.0
19403,-1.86,supportive,3.0
11952,0.72,hate,1.0
40427,-0.36,neutral,2.0
9340,2.39,hate,3.0
34321,-0.07,neutral,2.0
38058,-2.41,supportive,3.0
10370,1.09,hate,4.0
48944,1.95,hate,4.0
41445,-3.03,supportive,2.0
3722,-1.44,supportive,3.0
40149,-2.77,supportive,3.0
14236,-2.45,supportive,4.0
49717,0.09,neutral,1.0
37875,-1.64,supportive,1.0
33571,-3.83,supportive,2.0
28528,-0.48,neutral,1.0
5798,-0.15,neutral,1.0
2129,2.05,hate,1.0
43018,0.9,hate,0.0
5727,-0.3,neutral,2.0
45164,0.89,hate,0.0
7395,3.42,hate,2.0
45809,-0.1,neutral,2.0
10195,-0.93,neutral,3.0
26861,0.78,hate,3.0
24519,1.8,hate,1.0
4898,-1.74,supportive,3.0
49632,-0.34,neutral,0.0
4788,0.7,hate,2.0
47178,-2.92,supportive,0.0
40551,0.81,hate,2.0
45067,1.1,hate,2.0
9874,-3.48,supportive,3.0
6874,-1.21,supportive,3.0
47882,-0.72,neutral,2.0
10313,3.54,hate,2.0
14634,-3.08,supportive,2.0
30715,0.14,neutral,2.0
12956,1.7,hate,2.0
11665,-2.16,supportive,3.0
10796,0.2,neutral,0.0
43549,1.61,hate,0.0
21039,0.5,neutral,4.0
12559,0.11,neutral,1.0
29888,-2.74,supportive,0.0
19167,2.27,hate,2.0
20732,-1.45,supportive,1.0
14605,1.66,hate,4.0
40212,0.03,neutral,4.0
2812,-0.23,neutral,2.0
17184,-2.83,supportive,4.0
45274,-0.87,neutral,1.0
10247,1.04,hate,2.0
34479,-3.48,supportive,1.0
6173,-2.28,supportive,1.0
13562,-3.44,supportive,0.0
35317,1.68,hate,2.0
911,-2.75,supportive,0.0
2476,-0.8,neutral,0.0
40089,-1.69,supportive,0.0
46987,0.18,neutral,0.0
43723,-1.74,supportive,4.0
46559,-2.08,supportive,3.0
40088,-1.19,supportive,3.0
26543,1.61,hate,0.0
13642,0.31,neutral,2.0
44862,-3.93,supportive,4.0
1086,-2.09,supportive,0.0
31355,-4.64,supportive,0.0
1610,-2.08,supportive,3.0
6827,2.67,hate,2.0
37676,-3.11,supportive,1.0
20192,-2.21,supportive,2.0
21753,-2.75,supportive,2.0
41775,-2.48,supportive,1.0
22141,-4.88,supportive,2.0
17466,-0.22,neutral,1.0
14836,-0.69,neutral,2.0
24222,-1.85,supportive,2.0
23955,0.35,neutral,4.0
16764,-0.26,neutral,1.0
24986,-3.9,supportive,0.0
30316,1.98,hate,4.0
28827,-2.19,supportive,0.0
2061,1.54,hate,2.0
38507,1.04,hate,1.0
1456,1.26,hate,2.0
9528,2.26,hate,3.0
17386,0.78,hate,4.0
16347,2.88,hate,1.0
31024,-2.14,supportive,3.0
8909,0.58,hate,3.0
35885,-1.96,supportive,3.0
43159,-4.46,supportive,2.0
16502,4.35,hate,0.0
29865,-0.81,neutral,0.0
2173,1.72,hate,4.0
36181,-6.87,supportive,4.0
48794,1.39,hate,3.0
18574,-1.99,supportive,4.0
34184,-1.12,supportive,1.0
20320,-0.84,neutral,4.0
40797,-4.96,supportive,3.0
13933,-3.19,supportive,4.0
49655,1.62,hate,4.0
44956,-0.37,neutral,4.0
45718,0.75,hate,4.0
26341,0.57,hate,0.0
23689,-0.65,neutral,3.0
3749,2.26,hate,2.0
5331,0.69,hate,4.0
13027,1.19,hate,0.0
24597,-3.73,supportive,3.0
9095,1.0,hate,3.0
32204,0.14,neutral,4.0
29363,-1.32,supportive,2.0
20267,0.86,hate,0.0
27558,-0.55,neutral,2.0
42128,-0.03,neutral,4.0
45637,0.61,hate,0.0
25261,0.5,neutral,4.0
6034,-1.8,supportive,2.0
3224,0.61,hate,2.0
10057,-5.37,supportive,3.0
32172,0.07,neutral,2.0
25203,0.44,neutral,0.0
11637,-4.07,supportive,2.0
16274,0.02,neutral,1.0
40765,-0.27,neutral,2.0
46065,1.05,hate,2.0
17559,-3.11,supportive,3.0
33809,-1.88,supportive,1.0
20102,-0.93,neutral,0.0
4558,-3.85,supportive,4.0
24365,-2.29,supportive,0.0
44266,-2.28,supportive,4.0
13368,-2.02,supportive,2.0
5823,-0.48,neutral,4.0
44955,-0.35,neutral,3.0
2624,-1.69,supportive,1.0
24793,-2.81,supportive,3.0
47928,-2.15,supportive,0.0
1647,2.49,hate,3.0
22303,-5.8,supportive,4.0
6752,1.09,hate,0.0
30632,-1.46,supportive,0.0
40120,-0.91,neutral,1.0
5071,-2.46,supportive,1.0
12086,0.08,neutral,1.0
31029,0.16,neutral,1.0
11625,-1.65,supportive,3.0
10405,1.71,hate,3.0
42400,1.31,hate,2.0
45741,-0.32,neutral,2.0
15837,-0.03,neutral,4.0
10735,0.49,neutral,1.0
48436,0.32,neutral,0.0
14911,-5.91,supportive,4.0
43887,-0.38,neutral,1.0
27751,-3.08,supportive,1.0
17484,3.26,hate,0.0
34874,0.34,neutral,3.0
49858,0.01,neutral,2.0
44599,1.76,hate,1.0
1034,-3.48,supportive,4.0
23332,-0.72,neutral,3.0
34736,-3.3,supportive,2.0
7603,0.12,neutral,1.0
25453,-2.53,supportive,2.0
47901,2.11,hate,0.0
4408,0.12,neutral,0.0
34010,1.96,hate,1.0
40947,0.78,hate,0.0
14532,-1.49,supportive,0.0
463,1.61,hate,0.0
38963,0.82,hate,2.0
27662,-0.37,neutral,1.0
47366,0.59,hate,4.0
47266,-1.18,supportive,0.0
19770,-2.85,supportive,4.0
6819,-2.25,supportive,0.0
26846,-0.62,neutral,2.0
24489,0.08,neutral,4.0
29054,-2.85,supportive,1.0
34838,0.41,neutral,0.0
34749,-0.9,neutral,4.0
17954,0.99,hate,2.0
29184,-2.73,supportive,4.0
30516,-2.38,supportive,4.0
7703,-2.17,supportive,4.0
808,-2.49,supportive,2.0
49590,0.5,neutral,0.0
45921,-1.75,supportive,3.0
43226,1.23,hate,4.0
34163,-3.13,supportive,0.0
20800,-2.5,supportive,2.0
25289,-2.21,supportive,1.0
17491,-1.53,supportive,0.0
46210,2.82,hate,3.0
4294,-0.3,neutral,4.0
8563,-0.51,neutral,4.0
47998,1.0,hate,1.0
28389,-3.84,supportive,4.0
26160,1.1,hate,3.0
27901,-1.51,supportive,2.0
18752,-2.54,supportive,1.0
995,-0.09,neutral,1.0
41155,2.06,hate,3.0
27582,3.5,hate,0.0
27144,-1.9,supportive,1.0
32679,-0.59,neutral,0.0
49653,0.9,hate,2.0
5995,-1.33,supportive,0.0
6751,-2.29,supportive,4.0
42422,-0.79,neutral,4.0
11736,2.53,hate,3.0
27507,-0.82,neutral,1.0
23298,0.02,neutral,2.0
26974,-4.71,supportive,1.0
13381,-0.22,neutral,4.0
44763,-0.62,neutral,3.0
7687,-4.18,supportive,3.0
17946,1.16,hate,2.0
326,-0.29,neutral,0.0
10766,-1.47,supportive,4.0
9521,-0.56,neutral,3.0
6716,0.96,hate,0.0
13518,-2.67,supportive,3.0
10813,1.33,hate,3.0
30299,-1.52,supportive,4.0
42108,1.39,hate,4.0
49202,0.03,neutral,1.0
11332,-2.29,supportive,4.0
24338,-2.53,supportive,4.0
26949,-2.37,supportive,1.0
12847,-2.46,supportive,3.0
6761,0.3,neutral,4.0
44358,-2.49,supportive,3.0
40663,-0.52,neutral,4.0
7323,-3.08,supportive,0.0
47247,2.0,hate,4.0
48734,0.63,hate,0.0
7988,0.37,neutral,2.0
13639,2.61,hate,0.0
35688,-1.12,supportive,4.0
22308,-0.9,neutral,0.0
12532,-1.05,supportive,0.0
5261,0.95,hate,4.0
32636,0.32,neutral,0.0
14668,-6.23,supportive,2.0
24735,-2.48,supportive,1.0
48931,-0.49,neutral,3.0
1453,-0.66,neutral,1.0
10177,-1.76,supportive,1.0
14471,-1.12,supportive,2.0
8069,0.07,neutral,3.0
15399,1.78,hate,1.0
47017,1.48,hate,0.0
42705,-2.03,supportive,0.0
13534,0.38,neutral,4.0
20083,-3.08,supportive,3.0
20622,-0.37,neutral,3.0
48498,0.65,hate,1.0
10005,1.0,hate,2.0
48475,-1.26,supportive,2.0
48530,-2.96,supportive,4.0
7061,-1.85,supportive,4.0
25110,-1.17,supportive,4.0
8554,0.2,neutral,1.0
15770,-1.97,supportive,2.0
269,1.38,hate,4.0
47462,-1.67,supportive,4.0
19854,0.99,hate,4.0
1133,-4.07,supportive,3.0
47524,1.98,hate,1.0
10116,3.29,hate,2.0
33511,-2.46,supportive,4.0
3839,-1.41,supportive,1.0
49984,0.08,neutral,1.0
25108,0.5,neutral,0.0
37159,0.29,neutral,4.0
45023,-0.9,neutral,1.0
49970,-0.35,neutral,0.0
5807,0.41,neutral,3.0
10925,0.12,neutral,4.0
15126,1.02,hate,4.0
37352,-2.65,supportive,2.0
29557,-2.44,supportive,2.0
33434,0.11,neutral,0.0
45603,-1.39,supportive,1.0
2461,-3.38,supportive,3.0
16035,2.7,hate,1.0
2167,0.87,hate,3.0
45923,-1.06,supportive,0.0
26630,-4.52,supportive,0.0
8233,0.44,neutral,1.0
4338,-7.27,supportive,3.0
9508,-2.21,supportive,3.0
18616,-4.88,supportive,4.0
25396,-1.54,supportive,2.0
32785,2.52,hate,1.0
47654,0.29,neutral,4.0
48803,-0.86,neutral,4.0
6269,-1.69,supportive,2.0
28143,-0.67,neutral,0.0
48907,-0.91,neutral,4.0
2787,0.71,hate,3.0
17541,-1.23,supportive,1.0
11354,0.26,neutral,2.0
22425,-1.88,supportive,0.0
42920,0.0,neutral,2.0
36587,-2.95,supportive,2.0
2776,0.1,neutral,2.0
34221,-2.89,supportive,1.0
2015,-1.72,supportive,3.0
45949,-1.42,supportive,0.0
41889,-1.63,supportive,2.0
42035,0.77,hate,1.0
47005,1.42,hate,0.0
44907,-2.29,supportive,4.0
41393,1.34,hate,1.0
38861,-3.62,supportive,4.0
41587,0.17,neutral,0.0
12616,-4.4,supportive,4.0
47636,1.48,hate,1.0
5975,-0.23,neutral,2.0
15986,-4.21,supportive,4.0
20682,-0.24,neutral,0.0
43329,1.63,hate,1.0
28391,-5.53,supportive,4.0
42641,1.14,hate,2.0
13852,-3.18,supportive,1.0
2695,-4.5,supportive,2.0
17895,-0.64,neutral,0.0
44923,-3.59,supportive,0.0
5492,-2.31,supportive,3.0
44117,-2.48,supportive,2.0
46775,0.63,hate,2.0
40323,1.61,hate,4.0
46874,0.35,neutral,0.0
28983,-1.47,supportive,1.0
42365,-0.28,neutral,2.0
34063,-0.14,neutral,0.0
40617,0.33,neutral,0.0
47215,0.57,hate,3.0
20594,0.85,hate,1.0
35072,-2.25,supportive,2.0
1675,0.68,hate,2.0
26439,0.79,hate,2.0
42302,-1.48,supportive,2.0
40152,1.4,hate,4.0
34618,0.33,neutral,3.0
45616,-2.75,supportive,3.0
33962,0.01,neutral,0.0
9659,-0.13,neutral,2.0
2975,2.49,hate,2.0
5154,-0.64,neutral,3.0
46737,-0.06,neutral,3.0
40388,-1.3,supportive,3.0
28800,-0.27,neutral,0.0
41172,1.54,hate,3.0
45230,-2.05,supportive,1.0
32379,-1.93,supportive,1.0
19623,5.09,hate,3.0
17969,0.52,hate,3.0
49529,0.26,neutral,2.0
46932,-0.97,neutral,4.0
39272,-2.18,supportive,1.0
45215,-0.79,neutral,2.0
15845,0.29,neutral,3.0
44295,0.18,neutral,3.0
24740,0.22,neutral,0.0
42012,-2.81,supportive,0.0
9495,2.06,hate,4.0
41245,-0.52,neutral,0.0
16868,0.16,neutral,4.0
45890,0.28,neutral,4.0
7681,0.02,neutral,1.0
11140,0.09,neutral,3.0
17218,-0.78,neutral,4.0
29881,-1.5,supportive,2.0
11584,-7.75,supportive,1.0
42025,0.18,neutral,1.0
42622,1.58,hate,3.0
23963,-2.28,supportive,2.0
22907,0.98,hate,3.0
17783,-2.48,supportive,2.0
38407,-2.49,supportive,2.0
28375,-2.87,supportive,0.0
18772,-1.12,supportive,0.0
29788,-2.72,supportive,4.0
3484,0.59,hate,4.0
47605,-2.24,supportive,0.0
43349,1.16,hate,1.0
45694,0.21,neutral,0.0
30656,-4.37,supportive,0.0
12255,0.58,hate,3.0
27200,0.16,neutral,1.0
15049,1.82,hate,4.0
37170,-0.5,neutral,2.0
47762,0.34,neutral,2.0
11595,-1.19,supportive,0.0
16706,-0.49,neutral,0.0
610,-2.0,supportive,3.0
10158,0.71,hate,1.0
6427,0.19,neutral,4.0
31519,0.21,neutral,4.0
16522,-2.55,supportive,2.0
27315,-0.91,neutral,3.0
321,-0.76,neutral,4.0
45009,-0.47,neutral,2.0
43772,1.89,hate,1.0
2432,4.16,hate,2.0
23418,-5.5,supportive,1.0
49482,0.01,neutral,4.0
27741,1.23,hate,3.0
28276,-3.87,supportive,4.0
39870,0.02,neutral,1.0
4704,-2.22,supportive,0.0
9404,-0.38,neutral,1.0
43628,1.55,hate,4.0
10940,-3.39,supportive,0.0
39456,1.17,hate,0.0
4331,-1.73,supportive,1.0
34421,-3.56,supportive,1.0
6506,-1.31,supportive,0.0
5416,-3.03,supportive,2.0
12031,-0.52,neutral,4.0
40226,0.31,neutral,0.0
8783,-0.48,neutral,0.0
22861,-3.5,supportive,1.0
15992,-1.1,supportive,2.0
20228,-7.3,supportive,3.0
49450,0.83,hate,0.0
49245,2.03,hate,0.0
29799,-0.71,neutral,3.0
23994,-2.66,supportive,2.0
41888,-3.35,supportive,0.0
42926,-2.47,supportive,2.0
38596,-0.33,neutral,3.0
20987,-5.29,supportive,2.0
45787,-5.49,supportive,0.0
43183,-3.07,supportive,2.0
33026,-3.13,supportive,0.0
13979,-3.26,supportive,3.0
29472,-1.12,supportive,2.0
23854,-1.3,supportive,1.0
2506,1.24,hate,2.0
8229,-2.06,supportive,0.0
5744,1.03,hate,4.0
47651,0.1,neutral,1.0
45678,-0.06,neutral,3.0
6607,-1.22,supportive,4.0
46063,1.49,hate,3.0
42415,-0.91,neutral,4.0
9029,-2.04,supportive,2.0
28037,0.43,neutral,4.0
47084,3.26,hate,3.0
15531,2.63,hate,1.0
4318,2.6,hate,0.0
40269,0.18,neutral,4.0
40313,-0.66,neutral,0.0
20708,-1.96,supportive,2.0
25027,-2.38,supportive,0.0
12071,-1.92,supportive,1.0
35082,-4.16,supportive,1.0
10135,-0.38,neutral,0.0
3700,0.74,hate,2.0
20537,-1.15,supportive,1.0
40439,1.86,hate,0.0
26790,-1.39,supportive,4.0
48195,-0.97,neutral,1.0
30607,-3.13,supportive,2.0
14961,-3.01,supportive,0.0
32060,-5.26,supportive,3.0
8427,0.16,neutral,3.0
42572,-3.59,supportive,1.0
9917,2.87,hate,4.0
33677,-4.07,supportive,3.0
8921,2.94,hate,0.0
43138,1.15,hate,4.0
11173,1.2,hate,3.0
44583,0.85,hate,3.0
31580,-1.67,supportive,4.0
36264,-4.57,supportive,2.0
15166,-0.75,neutral,0.0
9252,-2.92,supportive,0.0
10843,2.12,hate,0.0
4244,-2.01,supportive,3.0
8512,1.79,hate,4.0
42099,0.12,neutral,0.0
18866,-3.41,supportive,0.0
4188,2.45,hate,3.0
13029,4.09,hate,0.0
9822,0.79,hate,4.0
46857,-0.3,neutral,3.0
24055,-2.22,supportive,4.0
24731,-7.09,supportive,0.0
14140,-1.09,supportive,4.0
47217,0.51,hate,1.0
44607,0.72,hate,3.0
48634,-1.6,supportive,2.0
42268,-0.5,neutral,4.0
30344,1.6,hate,0.0
41096,-0.49,neutral,1.0
2822,0.48,neutral,3.0
28471,-2.84,supportive,3.0
49323,0.6,hate,3.0
40961,0.37,neutral,1.0
10710,-4.5,supportive,0.0
3953,-0.43,neutral,4.0
14635,0.69,hate,1.0
37934,2.71,hate,3.0
46165,-0.33,neutral,0.0
45811,0.85,hate,0.0
38784,0.24,neutral,1.0
46952,0.67,hate,2.0
25894,-2.89,supportive,2.0
1542,-0.65,neutral,1.0
11258,1.69,hate,0.0
5954,-0.83,neutral,3.0
18453,-1.56,supportive,2.0
48545,1.29,hate,4.0
33919,-2.41,supportive,2.0
10345,0.78,hate,1.0
32751,1.69,hate,0.0
38990,-1.9,supportive,0.0
37301,-4.18,supportive,2.0
46738,-0.35,neutral,4.0
1450,-1.45,supportive,4.0
9971,-0.55,neutral,2.0
9896,-1.74,supportive,1.0
47844,0.72,hate,1.0
47448,0.28,neutral,1.0
21152,-1.08,supportive,2.0
40441,-1.62,supportive,4.0
33666,-1.46,supportive,2.0
20737,-4.15,supportive,3.0
10234,1.63,hate,0.0
12264,-2.66,supportive,0.0
24355,-0.82,neutral,1.0
36501,-1.13,supportive,3.0
5948,-3.13,supportive,2.0
42935,-7.94,supportive,0.0
48511,0.06,neutral,0.0
12878,-0.33,neutral,2.0
39175,-1.53,supportive,0.0
46256,2.53,hate,1.0
14498,-2.26,supportive,4.0
46955,0.62,hate,2.0
37571,0.31,neutral,3.0
13735,-0.98,neutral,4.0
12599,1.3,hate,1.0
29175,0.64,hate,4.0
6044,0.55,hate,2.0
15699,0.56,hate,4.0
48597,-1.81,supportive,4.0
45955,-1.21,supportive,2.0
29951,2.45,hate,3.0
27775,0.29,neutral,1.0
3331,-2.78,supportive,1.0
1063,-4.15,supportive,3.0
10399,-2.51,supportive,4.0
15420,-2.23,supportive,1.0
35258,1.03,hate,4.0
26944,2.63,hate,2.0
10179,-1.92,supportive,2.0
20426,-4.5,supportive,3.0
42668,1.72,hate,1.0
21053,0.04,neutral,3.0
41297,1.41,hate,0.0
20337,-0.19,neutral,2.0
11813,-4.06,supportive,1.0
34075,1.29,hate,0.0
8745,0.7,hate,1.0
3944,-0.68,neutral,2.0
37498,-1.55,supportive,2.0
45242,-2.56,supportive,2.0
31049,-2.04,supportive,3.0
4640,-1.43,supportive,1.0
37994,0.07,neutral,1.0
22171,-2.22,supportive,3.0
32578,-1.92,supportive,2.0
11782,-2.24,supportive,1.0
48310,-1.16,supportive,1.0
2512,1.17,hate,4.0
36322,1.38,hate,2.0
8785,1.55,hate,1.0
658,-2.88,supportive,3.0
27154,-1.51,supportive,4.0
5369,0.13,neutral,0.0
27027,-0.41,neutral,3.0
1191,1.27,hate,1.0
48295,-1.96,supportive,0.0
34601,4.66,hate,0.0
4166,-2.87,supportive,4.0
5371,-1.4,supportive,2.0
5318,-1.28,supportive,0.0
7229,2.13,hate,1.0
39224,0.38,neutral,3.0
12767,3.1,hate,3.0
3569,-0.15,neutral,1.0
6358,0.15,neutral,2.0
26241,0.55,hate,2.0
30456,0.99,hate,2.0
42312,-0.36,neutral,3.0
32926,1.82,hate,1.0
41494,-0.83,neutral,2.0
42504,-1.85,supportive,0.0
40140,0.83,hate,1.0
5779,-1.09,supportive,2.0
26960,-4.77,supportive,0.0
8113,0.83,hate,1.0
41440,-0.21,neutral,0.0
13490,-5.31,supportive,3.0
24854,-2.23,supportive,0.0
12227,0.74,hate,2.0
10206,1.19,hate,3.0
42539,2.56,hate,1.0
35874,-0.72,neutral,0.0
5249,0.52,hate,2.0
14864,-3.19,supportive,2.0
14852,1.55,hate,4.0
28633,-0.37,neutral,3.0
4477,-0.19,neutral,1.0
42205,0.57,hate,0.0
39214,-1.13,supportive,4.0
19314,-1.66,supportive,4.0
41593,0.42,neutral,0.0
42708,-2.2,supportive,4.0
44584,1.23,hate,4.0
3522,1.71,hate,3.0
45151,1.91,hate,2.0
22343,-0.49,neutral,1.0
39973,-0.13,neutral,3.0
7961,-3.47,supportive,3.0
10950,0.64,hate,4.0
10331,-1.91,supportive,4.0
42741,-0.71,neutral,4.0
34023,1.7,hate,1.0
43727,-0.63,neutral,3.0
6896,-1.26,supportive,0.0
24313,-1.39,supportive,2.0
22247,0.29,neutral,1.0
14626,1.78,hate,1.0
5683,-2.11,supportive,0.0
13660,1.21,hate,3.0
12691,-4.57,supportive,0.0
42267,1.16,hate,1.0
25151,-1.38,supportive,1.0
12676,-3.88,supportive,4.0
6354,-1.64,supportive,4.0
18622,0.09,neutral,0.0
11339,-1.92,supportive,2.0
48806,-3.08,supportive,1.0
45619,-0.79,neutral,4.0
28430,-0.54,neutral,1.0
27243,1.84,hate,2.0
23144,1.63,hate,2.0
4389,-1.88,supportive,3.0
19775,-2.82,supportive,3.0
31489,1.59,hate,3.0
9304,-0.89,neutral,3.0
12019,-0.51,neutral,2.0
19323,1.72,hate,2.0
49581,0.14,neutral,3.0
35246,-0.07,neutral,1.0
30126,-0.71,neutral,1.0
10729,-3.03,supportive,1.0
29897,-4.59,supportive,3.0
40579,-0.97,neutral,2.0
43993,1.3,hate,4.0
33958,-3.05,supportive,3.0
22971,1.29,hate,4.0
22642,0.61,hate,4.0
43709,-1.03,supportive,1.0
7615,-3.42,supportive,2.0
29070,1.06,hate,2.0
30903,-1.0,neutral,1.0
38404,-1.13,supportive,3.0
45559,-2.08,supportive,0.0
32480,0.28,neutral,3.0
14718,-0.23,neutral,0.0
44859,0.83,hate,0.0
44762,1.53,hate,2.0
27122,-3.3,supportive,0.0
3232,1.92,hate,3.0
11252,-1.34,supportive,4.0
3154,-0.43,neutral,2.0
15810,-3.0,supportive,1.0
48204,2.1,hate,2.0
20452,0.23,neutral,2.0
304,-1.86,supportive,2.0
17286,0.77,hate,0.0
2721,-1.6,supportive,2.0
7745,0.0,neutral,1.0
15324,-3.3,supportive,2.0
2135,-0.2,neutral,2.0
17775,-2.1,supportive,2.0
42145,-2.69,supportive,3.0
5841,-1.18,supportive,3.0
8157,-1.92,supportive,3.0
37796,-2.71,supportive,2.0
46051,-1.87,supportive,4.0
30156,0.59,hate,0.0
42361,0.1,neutral,4.0
38239,-0.73,neutral,4.0
32143,0.0,neutral,2.0
40688,0.95,hate,1.0
1774,1.99,hate,3.0
22424,0.02,neutral,3.0
47657,-0.45,neutral,2.0
17933,-0.8,neutral,0.0
36326,-3.13,supportive,0.0
2714,-0.15,neutral,3.0
44559,0.61,hate,3.0
44115,-1.52,supportive,1.0
8395,-0.16,neutral,0.0
35164,-4.78,supportive,0.0
3225,-3.14,supportive,1.0
30068,-0.14,neutral,1.0
17669,-1.49,supportive,3.0
29838,-3.87,supportive,4.0
19368,0.47,neutral,2.0
49490,-1.38,supportive,4.0
23306,-0.6,neutral,4.0
7085,1.23,hate,3.0
10880,-2.56,supportive,3.0
27045,-3.54,supportive,2.0
1899,-1.61,supportive,4.0
8387,-1.32,supportive,1.0
9141,0.38,neutral,2.0
2898,-3.56,supportive,1.0
6273,-0.08,neutral,1.0
15452,0.71,hate,2.0
28379,2.37,hate,0.0
27584,-4.63,supportive,0.0
42226,-0.05,neutral,3.0
23296,-3.06,supportive,2.0
41878,-2.11,supportive,4.0
29676,1.73,hate,3.0
22913,0.36,neutral,3.0
31557,-2.56,supportive,3.0
27576,-0.47,neutral,1.0
12245,-3.62,supportive,1.0
12203,0.44,neutral,4.0
49310,1.17,hate,4.0
19655,0.16,neutral,4.0
34920,0.36,neutral,3.0
39465,-0.01,neutral,3.0
44630,1.01,hate,2.0
30879,-1.8,supportive,1.0
12858,1.04,hate,0.0
31823,-1.29,supportive,4.0
6378,-4.49,supportive,3.0
33352,-3.09,supportive,0.0
7201,0.05,neutral,2.0
31074,-3.45,supportive,0.0
30754,-1.18,supportive,2.0
32313,-1.09,supportive,4.0
46852,-0.03,neutral,1.0
8203,-0.72,neutral,0.0
29484,-0.67,neutral,2.0
47113,-0.21,neutral,4.0
23943,1.55,hate,2.0
7535,-1.74,supportive,1.0
46434,0.34,neutral,3.0
1324,-1.44,supportive,0.0
31447,-1.94,supportive,3.0
48642,-0.62,neutral,4.0
40520,-7.19,supportive,1.0
45752,-1.38,supportive,1.0
44905,-0.26,neutral,2.0
1938,0.03,neutral,3.0
22387,-0.09,neutral,1.0
29380,-3.74,supportive,1.0
29130,2.27,hate,1.0
4382,-1.43,supportive,0.0
1495,-1.56,supportive,4.0
22173,-0.12,neutral,0.0
47986,0.83,hate,1.0
35813,-1.34,supportive,0.0
49271,-1.08,supportive,0.0
5443,-0.43,neutral,1.0
1715,-1.83,supportive,4.0
9767,-0.36,neutral,3.0
31827,0.57,hate,0.0
43764,0.0,neutral,1.0
22927,2.5,hate,2.0
14847,-1.85,supportive,1.0
37408,-2.84,supportive,1.0
34095,-1.12,supportive,0.0
16733,-0.2,neutral,0.0
41447,-0.96,neutral,4.0
49971,-1.02,supportive,4.0
2874,1.79,hate,2.0
44514,-0.68,neutral,1.0
35808,-0.15,neutral,0.0
49662,0.68,hate,3.0
43024,-0.82,neutral,3.0
9467,-0.33,neutral,4.0
18182,-2.23,supportive,2.0
4768,-0.68,neutral,3.0
48434,-1.2,supportive,4.0
44799,-4.08,supportive,3.0
4292,-2.42,supportive,1.0
32818,-2.09,supportive,3.0
47016,0.16,neutral,4.0
9615,1.69,hate,4.0
44243,-0.83,neutral,0.0
32559,-2.48,supportive,0.0
15805,-0.41,neutral,4.0
23429,1.72,hate,1.0
3677,-1.65,supportive,1.0
8576,-0.23,neutral,2.0
9758,-1.37,supportive,3.0
10769,-0.32,neutral,0.0
49849,-1.63,supportive,2.0
9549,2.65,hate,0.0
11989,-0.3,neutral,0.0
46721,-2.51,supportive,3.0
49028,-0.96,neutral,1.0
12712,0.63,hate,2.0
5872,1.66,hate,1.0
49568,1.25,hate,2.0
1730,-7.65,supportive,1.0
9746,-0.25,neutral,3.0
45166,1.07,hate,0.0
37120,-0.31,neutral,3.0
45,-0.55,neutral,1.0
47619,0.05,neutral,3.0
45219,0.37,neutral,3.0
11442,-4.45,supportive,1.0
46717,1.03,hate,0.0
17968,-0.42,neutral,1.0
9689,-0.49,neutral,3.0
49104,1.45,hate,3.0
24869,-1.12,supportive,4.0
36456,-0.81,neutral,1.0
6389,-1.89,supportive,0.0
2012,0.82,hate,0.0
11514,-0.81,neutral,1.0
909,1.48,hate,0.0
20833,-3.5,supportive,3.0
47297,0.62,hate,2.0
17045,0.24,neutral,2.0
19499,-0.91,neutral,4.0
11578,-1.85,supportive,3.0
47049,-0.13,neutral,3.0
45157,-1.86,supportive,4.0
49166,-3.38,supportive,3.0
23613,-1.75,supportive,2.0
19342,-3.31,supportive,1.0
34491,-2.18,supportive,3.0
47942,1.12,hate,2.0
18300,0.37,neutral,1.0
17926,0.85,hate,4.0
32753,2.67,hate,4.0
32948,-1.74,supportive,1.0
3425,0.12,neutral,3.0
31274,-1.94,supportive,1.0
47578,1.15,hate,4.0
8311,-1.66,supportive,3.0
21931,-6.79,supportive,0.0
23602,-0.29,neutral,2.0
1390,-1.81,supportive,2.0
13683,-2.85,supportive,2.0
42123,-0.82,neutral,2.0
49692,-1.55,supportive,3.0
49992,-1.76,supportive,1.0
44553,-0.1,neutral,0.0
24443,-0.34,neutral,1.0
17315,-1.11,supportive,1.0
31701,-1.82,supportive,4.0
48334,-1.37,supportive,4.0
10400,1.91,hate,3.0
1561,-0.37,neutral,3.0
24720,-1.6,supportive,0.0
2565,-2.46,supportive,0.0
44408,2.3,hate,0.0
43804,-0.52,neutral,2.0
49857,0.01,neutral,2.0
46389,-1.3,supportive,3.0
46605,-3.44,supportive,2.0
46094,-3.45,supportive,0.0
4583,-2.25,supportive,2.0
41212,0.18,neutral,4.0
48161,-0.88,neutral,2.0
40788,-2.75,supportive,4.0
17513,-4.35,supportive,3.0
7168,-1.59,supportive,4.0
25438,0.69,hate,0.0
14602,-3.53,supportive,1.0
30040,0.44,neutral,4.0
5687,-2.76,supportive,1.0
27773,-4.12,supportive,2.0
45945,1.11,hate,2.0
1421,-4.3,supportive,3.0
4362,-1.88,supportive,4.0
9160,1.69,hate,3.0
38127,-0.22,neutral,0.0
4654,-0.53,neutral,3.0
46641,-1.3,supportive,0.0
33124,-3.27,supportive,0.0
41396,-5.38,supportive,3.0
10381,-3.76,supportive,4.0
42503,-2.53,supportive,1.0
32564,-2.69,supportive,4.0
41534,-1.95,supportive,0.0
40184,-1.04,supportive,3.0
11903,-2.44,supportive,4.0
18502,-1.5,supportive,4.0
11720,-3.18,supportive,1.0
5056,-1.85,supportive,2.0
13273,-2.53,supportive,4.0
14323,-0.28,neutral,3.0
41959,-1.41,supportive,0.0
8840,-2.05,supportive,2.0
10407,0.33,neutral,3.0
23601,-4.36,supportive,0.0
22540,0.09,neutral,3.0
44883,0.73,hate,2.0
45840,-7.89,supportive,2.0
41961,0.19,neutral,3.0
16033,1.01,hate,1.0
10827,1.52,hate,4.0
43828,-0.11,neutral,2.0
39638,-2.83,supportive,1.0
5554,-3.4,supportive,1.0
9240,-4.64,supportive,0.0
4117,1.56,hate,4.0
3954,0.01,neutral,3.0
2610,-5.85,supportive,1.0
15624,-2.06,supportive,4.0
788,-0.44,neutral,1.0
23898,-1.12,supportive,1.0
41,0.27,neutral,2.0
42529,-2.24,supportive,2.0
11598,-1.21,supportive,4.0
26748,-5.53,supportive,0.0
9962,-1.79,supportive,2.0
7293,-0.13,neutral,2.0
15540,-0.39,neutral,1.0
21550,-4.14,supportive,2.0
7158,-6.23,supportive,1.0
20090,1.47,hate,1.0
44949,-1.12,supportive,2.0
43985,-0.71,neutral,4.0
11093,-2.81,supportive,0.0
3041,-0.17,neutral,4.0
43066,-2.14,supportive,3.0
43483,1.97,hate,2.0
5140,-0.24,neutral,4.0
249,-2.96,supportive,1.0
23922,-4.07,supportive,0.0
45387,1.33,hate,4.0
28147,0.47,neutral,1.0
20379,-4.98,supportive,1.0
19492,-0.09,neutral,2.0
39970,-3.65,supportive,1.0
27587,-3.87,supportive,1.0
723,-0.88,neutral,3.0
3374,2.15,hate,1.0
14861,-3.6,supportive,4.0
43029,-0.17,neutral,2.0
24778,-5.19,supportive,2.0
4601,-1.64,supportive,4.0
15881,0.24,neutral,1.0
14831,-0.69,neutral,3.0
8221,0.08,neutral,3.0
2589,-2.43,supportive,1.0
26795,-2.67,supportive,3.0
16284,-0.83,neutral,4.0
13036,-3.22,supportive,0.0
16524,3.47,hate,0.0
28542,-3.72,supportive,0.0
19154,-1.35,supportive,2.0
44474,1.01,hate,3.0
6951,-1.33,supportive,3.0
29100,-3.59,supportive,2.0
47951,0.52,hate,1.0
9023,2.23,hate,3.0
17596,1.28,hate,3.0
14651,0.12,neutral,4.0
44319,2.43,hate,0.0
40949,-0.31,neutral,1.0
24348,-2.45,supportive,2.0
40876,-3.11,supportive,1.0
15691,1.52,hate,1.0
26144,-2.88,supportive,0.0
40103,0.03,neutral,2.0
21496,-3.42,supportive,4.0
2553,1.7,hate,1.0
12808,2.26,hate,3.0
14438,-1.31,supportive,1.0
47022,-2.68,supportive,2.0
28195,-1.0,neutral,2.0
3792,-1.46,supportive,3.0
42757,-2.95,supportive,0.0
15114,-0.64,neutral,0.0
48426,-2.52,supportive,3.0
23664,1.67,hate,3.0
14117,-0.55,neutral,3.0
45458,-1.53,supportive,1.0
13156,-0.02,neutral,2.0
23795,-0.37,neutral,4.0
10768,0.23,neutral,4.0
41999,-0.45,neutral,1.0
40729,1.95,hate,3.0
45566,-0.44,neutral,4.0
10698,-4.42,supportive,1.0
44747,-0.34,neutral,4.0
8107,0.66,hate,2.0
34209,-7.19,supportive,0.0
47731,1.74,hate,3.0
44423,-0.54,neutral,3.0
11727,-2.31,supportive,0.0
44611,-0.55,neutral,3.0
8460,-1.36,supportive,1.0
13766,-0.58,neutral,4.0
9952,-2.59,supportive,1.0
37015,1.26,hate,4.0
11441,1.53,hate,0.0
1594,-1.24,supportive,3.0
205,-0.61,neutral,4.0
17821,-0.21,neutral,4.0
32795,0.92,hate,1.0
49978,0.15,neutral,4.0
17677,0.85,hate,1.0
41342,-1.57,supportive,2.0
7643,-2.89,supportive,3.0
13119,0.73,hate,2.0
36190,-3.16,supportive,2.0
48567,-2.48,supportive,4.0
18045,-0.86,neutral,4.0
13379,-3.7,supportive,1.0
692,1.14,hate,4.0
30986,1.62,hate,3.0
6163,1.6,hate,1.0
30079,-5.1,supportive,0.0
2065,-3.24,supportive,3.0
7628,-0.31,neutral,3.0
47435,-1.91,supportive,4.0
42450,1.38,hate,0.0
27534,1.38,hate,3.0
28201,-7.65,supportive,3.0
41383,-1.5,supportive,0.0
6635,-2.33,supportive,1.0
43060,0.06,neutral,2.0
42992,-1.95,supportive,1.0
46834,-4.98,supportive,3.0
18306,0.2,neutral,3.0
4142,-2.47,supportive,3.0
16658,0.99,hate,3.0
9223,-1.3,supportive,3.0
38168,-1.16,supportive,4.0
45158,0.46,neutral,4.0
10146,-1.81,supportive,3.0
8310,3.37,hate,0.0
2052,-0.11,neutral,1.0
40100,-0.51,neutral,1.0
28351,1.7,hate,0.0
40319,-0.43,neutral,0.0
49393,0.17,neutral,0.0
5260,-2.18,supportive,4.0
41909,-2.23,supportive,3.0
4393,0.15,neutral,2.0
22849,-2.27,supportive,0.0
35136,-2.74,supportive,4.0
8289,-0.27,neutral,1.0
14936,-0.92,neutral,1.0
32086,0.77,hate,4.0
41753,-0.96,neutral,2.0
46392,-1.28,supportive,0.0
13670,0.48,neutral,0.0
7885,-1.32,supportive,4.0
33996,0.81,hate,4.0
4274,-0.01,neutral,0.0
33340,-1.39,supportive,0.0
16975,-0.32,neutral,2.0
4086,-2.35,supportive,3.0
18005,-5.01,supportive,1.0
41451,-2.13,supportive,0.0
42679,-0.13,neutral,3.0
6232,-3.95,supportive,3.0
8130,-0.47,neutral,3.0
3553,0.96,hate,0.0
13514,-0.15,neutral,3.0
11456,0.64,hate,1.0
40733,0.99,hate,4.0
49260,0.89,hate,3.0
45262,0.05,neutral,0.0
48510,0.32,neutral,1.0
5834,-3.61,supportive,0.0
31574,-1.76,supportive,4.0
11352,-3.23,supportive,3.0
26375,-2.26,supportive,3.0
14935,-0.34,neutral,0.0
48585,1.29,hate,0.0
44509,1.64,hate,0.0
11614,1.04,hate,3.0
3368,-1.19,supportive,2.0
40852,1.61,hate,4.0
18557,-3.96,supportive,1.0
11152,0.42,neutral,1.0
29247,1.86,hate,3.0
1689,3.33,hate,2.0
48550,-1.38,supportive,3.0
48548,0.64,hate,4.0
4172,1.2,hate,4.0
12994,-1.23,supportive,1.0
46636,2.22,hate,1.0
7878,-0.86,neutral,3.0
43925,-0.32,neutral,4.0
18966,-2.11,supportive,0.0
4790,-1.98,supportive,3.0
49208,0.2,neutral,3.0
39919,0.19,neutral,2.0
46031,1.77,hate,3.0
43791,0.34,neutral,4.0
29681,-1.36,supportive,2.0
47711,2.36,hate,1.0
13915,-1.53,supportive,2.0
11302,1.65,hate,2.0
12995,-1.12,supportive,1.0
36612,-0.68,neutral,1.0
22812,0.24,neutral,1.0
27244,-1.75,supportive,0.0
18740,3.98,hate,4.0
17267,-1.92,supportive,4.0
47301,0.61,hate,0.0
44390,-1.04,supportive,2.0
49731,-0.83,neutral,2.0
792,-2.64,supportive,2.0
45922,-0.06,neutral,2.0
11369,-1.86,supportive,4.0
36267,-1.89,supportive,4.0
46802,3.21,hate,3.0
8282,-1.14,supportive,3.0
40294,0.25,neutral,2.0
36621,-0.82,neutral,2.0
41896,-3.71,supportive,1.0
8712,3.66,hate,0.0
4399,-0.6,neutral,4.0
47283,-0.69,neutral,3.0
11438,-3.22,supportive,4.0
20568,-3.52,supportive,4.0
2922,-3.11,supportive,3.0
34142,-2.38,supportive,4.0
41723,3.89,hate,1.0
21018,-2.36,supportive,4.0
44681,0.33,neutral,2.0
48650,1.02,hate,4.0
9309,-0.67,neutral,2.0
5450,2.46,hate,4.0
10021,-0.11,neutral,2.0
49472,-0.45,neutral,4.0
41229,1.37,hate,1.0
20243,-0.95,neutral,0.0
34950,-2.89,supportive,4.0
24200,-2.7,supportive,1.0
25083,-0.71,neutral,3.0
8453,-1.08,supportive,3.0
1285,-0.37,neutral,2.0
12357,1.89,hate,4.0
33941,-2.13,supportive,0.0
37228,-2.53,supportive,4.0
25325,0.99,hate,2.0
17164,1.41,hate,1.0
19365,-0.84,neutral,3.0
8963,-2.99,supportive,4.0
2208,-3.94,supportive,3.0
41884,0.3,neutral,0.0
19723,-1.46,supportive,0.0
7080,-0.95,neutral,0.0
38145,-2.69,supportive,1.0
28722,-0.87,neutral,4.0
32628,-0.82,neutral,3.0
12030,-1.15,supportive,3.0
30044,-2.98,supportive,0.0
29651,-1.65,supportive,2.0
5085,-2.71,supportive,2.0
41103,0.29,neutral,3.0
43696,0.98,hate,3.0
48327,-0.64,neutral,2.0
8025,-1.01,supportive,0.0
49905,1.61,hate,3.0
30140,-0.41,neutral,1.0
40905,0.43,neutral,4.0
47823,0.05,neutral,0.0
36276,0.07,neutral,2.0
14141,-0.8,neutral,4.0
33025,0.18,neutral,4.0
28714,-2.48,supportive,0.0
481,-0.59,neutral,3.0
6113,0.91,hate,1.0
44572,-1.6,supportive,0.0
48389,0.39,neutral,3.0
41032,1.44,hate,4.0
25204,-3.19,supportive,2.0
7291,-4.7,supportive,4.0
43059,0.81,hate,3.0
47821,1.95,hate,0.0
46291,-0.09,neutral,4.0
33290,0.7,hate,1.0
43209,2.43,hate,0.0
27378,-4.78,supportive,1.0
36829,-0.81,neutral,3.0
29327,-1.79,supportive,4.0
11453,-1.1,supportive,3.0
17725,-2.12,supportive,0.0
40500,-3.04,supportive,4.0
8784,-4.57,supportive,0.0
12122,-2.45,supportive,2.0
24689,-5.14,supportive,1.0
3899,-2.87,supportive,1.0
45188,2.03,hate,4.0
30487,-0.2,neutral,2.0
34276,-0.04,neutral,4.0
49519,-0.59,neutral,2.0
30101,-6.46,supportive,3.0
27215,-6.36,supportive,3.0
5245,-4.37,supportive,4.0
5534,-0.37,neutral,0.0
3417,-1.07,supportive,1.0
21958,-3.92,supportive,1.0
2110,-1.02,supportive,2.0
5876,1.43,hate,4.0
48616,1.45,hate,0.0
25549,-0.71,neutral,2.0
33645,-2.45,supportive,0.0
29254,-1.64,supportive,3.0
12356,-0.37,neutral,2.0
47818,-0.47,neutral,0.0
28567,-4.6,supportive,4.0
9466,4.49,hate,0.0
2936,-4.89,supportive,3.0
37529,-2.09,supportive,3.0
16811,0.35,neutral,1.0
5358,2.09,hate,2.0
42911,0.09,neutral,1.0
36849,-5.27,supportive,0.0
15808,-0.85,neutral,0.0
37722,-1.79,supportive,0.0
11234,-0.2,neutral,4.0
36851,-0.68,neutral,1.0
30381,-3.28,supportive,3.0
43128,-1.15,supportive,4.0
14586,-1.24,supportive,3.0
3055,-0.9,neutral,1.0
6785,1.13,hate,0.0
11120,-1.32,supportive,2.0
13572,1.25,hate,2.0
26782,-1.32,supportive,2.0
4476,-3.66,supportive,2.0
37355,2.42,hate,2.0
19557,2.66,hate,2.0
9406,1.85,hate,2.0
16128,1.72,hate,3.0
36458,-1.67,supportive,1.0
3263,-2.74,supportive,0.0
24040,-2.58,supportive,4.0
34706,0.94,hate,4.0
20830,-1.37,supportive,0.0
49051,-2.38,supportive,4.0
26971,-1.12,supportive,1.0
24687,-0.86,neutral,3.0
13591,0.72,hate,1.0
33613,-2.67,supportive,1.0
29666,1.98,hate,3.0
14469,-5.37,supportive,1.0
42368,-1.12,supportive,2.0
11025,-0.71,neutral,2.0
17712,-2.32,supportive,0.0
18940,-2.74,supportive,1.0
29667,-1.08,supportive,1.0
20193,-2.19,supportive,2.0
30175,0.78,hate,2.0
43927,0.32,neutral,0.0
47369,-0.9,neutral,1.0
25845,-1.2,supportive,1.0
34973,0.66,hate,3.0
27950,-1.29,supportive,2.0
23489,-0.2,neutral,3.0
6936,-3.4,supportive,4.0
6075,-4.38,supportive,0.0
28047,-4.37,supportive,2.0
17294,-2.05,supportive,4.0
25378,-0.54,neutral,1.0
40689,0.44,neutral,2.0
45473,-0.25,neutral,2.0
28857,-3.03,supportive,3.0
28197,-1.12,supportive,4.0
2920,2.82,hate,0.0
45371,0.02,neutral,2.0
2149,-4.54,supportive,1.0
31793,0.55,hate,4.0
38780,-1.14,supportive,4.0
31622,-0.21,neutral,1.0
41636,-0.11,neutral,3.0
47200,0.6,hate,1.0
46685,0.0,neutral,2.0
22015,-0.51,neutral,0.0
48598,-0.72,neutral,4.0
981,0.38,neutral,1.0
10757,0.43,neutral,0.0
41804,-5.82,supportive,3.0
47447,-2.09,supportive,4.0
14524,-3.27,supportive,4.0
1120,-1.32,supportive,3.0
13708,0.93,hate,0.0
2683,-0.7,neutral,0.0
25348,-0.58,neutral,4.0
18123,-0.8,neutral,1.0
24559,-5.14,supportive,2.0
6559,-0.68,neutral,0.0
2009,0.66,hate,0.0
46254,1.25,hate,2.0
10193,-4.75,supportive,4.0
27513,-0.45,neutral,0.0
22415,0.21,neutral,1.0
42381,-3.45,supportive,3.0
23607,-4.21,supportive,1.0
19599,-1.63,supportive,4.0
889,-3.4,supportive,2.0
26322,-1.93,supportive,3.0
44430,-1.81,supportive,0.0
39836,-0.97,neutral,4.0
23278,-2.27,supportive,1.0
47793,-0.45,neutral,2.0
22648,-0.93,neutral,2.0
43733,-0.13,neutral,4.0
38123,-1.28,supportive,4.0
44336,1.73,hate,0.0
5751,-2.85,supportive,3.0
8880,-1.09,supportive,2.0
25281,-3.04,supportive,1.0
12093,0.82,hate,2.0
47406,-0.5,neutral,3.0
13917,-2.24,supportive,3.0
31062,0.46,neutral,2.0
15447,-1.52,supportive,1.0
44367,-2.26,supportive,2.0
6983,-2.05,supportive,4.0
3464,-0.67,neutral,1.0
40998,-0.42,neutral,2.0
5214,0.48,neutral,1.0
39792,-1.43,supportive,2.0
2447,-2.7,supportive,1.0
31221,-2.43,supportive,3.0
46313,-0.77,neutral,4.0
26649,-1.66,supportive,3.0
30122,-1.62,supportive,1.0
16772,-0.92,neutral,4.0
29334,0.12,neutral,3.0
49502,-0.06,neutral,1.0
23264,-1.73,supportive,2.0
11912,-1.18,supportive,2.0
3244,-2.43,supportive,1.0
20872,-2.7,supportive,4.0
17989,0.86,hate,4.0
26715,-0.79,neutral,4.0
6356,-1.86,supportive,4.0
28708,-3.61,supportive,2.0
1699,-3.93,supportive,2.0
12028,1.68,hate,2.0
17779,-1.03,supportive,3.0
27429,-0.09,neutral,1.0
48572,1.14,hate,3.0
46344,0.78,hate,0.0
32694,0.45,neutral,3.0
3076,-0.76,neutral,0.0
49854,0.59,hate,0.0
47254,-0.24,neutral,3.0
43598,-0.16,neutral,0.0
34099,-2.38,supportive,3.0
8029,-2.43,supportive,4.0
18661,-5.24,supportive,4.0
18332,-1.65,supportive,4.0
30046,0.0,neutral,4.0
39748,-0.75,neutral,0.0
36814,-3.08,supportive,3.0
40679,-1.05,supportive,4.0
21115,-0.12,neutral,1.0
20803,0.02,neutral,2.0
31179,3.17,hate,4.0
6646,-4.24,supportive,3.0
7460,3.36,hate,4.0
39221,-2.31,supportive,4.0
10836,1.98,hate,3.0
15387,0.64,hate,3.0
32438,-1.13,supportive,3.0
47768,0.93,hate,2.0
40413,-5.54,supportive,3.0
28366,-0.87,neutral,4.0
25919,-1.27,supportive,0.0
36118,-4.0,supportive,1.0
44942,-0.3,neutral,0.0
14186,-6.53,supportive,0.0
44149,-0.15,neutral,1.0
31160,1.03,hate,0.0
14248,-2.5,supportive,3.0
9021,-3.96,supportive,0.0
7723,-2.38,supportive,3.0
42897,0.84,hate,4.0
18734,2.54,hate,1.0
7973,0.16,neutral,3.0
30770,-1.16,supportive,1.0
20222,-3.06,supportive,4.0
49332,0.35,neutral,2.0
46809,2.06,hate,1.0
26324,-1.93,supportive,4.0
40479,0.39,neutral,0.0
20219,-2.81,supportive,4.0
3972,-4.36,supportive,4.0
29453,-2.7,supportive,0.0
30827,-2.68,supportive,3.0
14314,1.94,hate,3.0
49845,0.57,hate,4.0
46898,-2.16,supportive,1.0
31722,1.61,hate,3.0
19428,1.45,hate,0.0
3539,-4.79,supportive,3.0
4593,-3.3,supportive,2.0
4481,1.4,hate,2.0
15283,0.0,neutral,1.0
23182,1.01,hate,1.0
46958,-0.43,neutral,3.0
38085,-2.0,supportive,3.0
4237,1.28,hate,4.0
18509,-1.22,supportive,4.0
5094,-0.9,neutral,0.0
47211,-0.53,neutral,1.0
37243,-0.19,neutral,0.0
45775,-3.62,supportive,1.0
1987,-0.72,neutral,0.0
8897,-2.31,supportive,2.0
16548,-1.28,supportive,2.0
1981,3.04,hate,1.0
37781,-1.14,supportive,4.0
25126,0.91,hate,3.0
21201,-0.28,neutral,2.0
41883,1.37,hate,1.0
21915,-5.2,supportive,1.0
40840,3.43,hate,4.0
382,0.38,neutral,3.0
4936,-1.92,supportive,0.0
45285,-2.5,supportive,3.0
44670,0.95,hate,1.0
27260,-2.77,supportive,4.0
234,1.15,hate,0.0
638,-1.44,supportive,3.0
7366,1.03,hate,1.0
13813,-2.33,supportive,3.0
13484,-0.52,neutral,2.0
1567,-2.2,supportive,4.0
45003,-1.89,supportive,0.0
19662,1.92,hate,0.0
38484,1.97,hate,4.0
23944,0.59,hate,3.0
47767,-0.8,neutral,1.0
7343,1.38,hate,3.0
20389,1.0,hate,2.0
9251,1.04,hate,3.0
11314,-1.73,supportive,3.0
17469,1.33,hate,2.0
37441,-0.79,neutral,2.0
48122,0.53,hate,4.0
41849,0.48,neutral,1.0
31537,0.23,neutral,0.0
2147,1.52,hate,2.0
3915,0.17,neutral,4.0
34831,0.35,neutral,2.0
9481,1.35,hate,1.0
45072,-0.56,neutral,3.0
24688,-0.65,neutral,2.0
35420,-3.12,supportive,2.0
6447,-1.17,supportive,3.0
22629,-0.27,neutral,4.0
47660,1.22,hate,2.0
42879,-1.08,supportive,0.0
20094,-3.34,supportive,0.0
36551,-2.49,supportive,1.0
30035,-4.56,supportive,0.0
15820,-2.09,supportive,0.0
11064,3.38,hate,2.0
31570,-0.16,neutral,0.0
29494,-2.48,supportive,4.0
29747,-0.37,neutral,0.0
45279,0.53,hate,3.0
49996,1.9,hate,0.0
29562,-0.82,neutral,4.0
48574,-1.29,supportive,1.0
16322,-3.96,supportive,3.0
44545,1.27,hate,3.0
31397,2.39,hate,4.0
34323,-2.8,supportive,2.0
24667,-1.02,supportive,1.0
43197,-1.77,supportive,2.0
8612,1.79,hate,4.0
24893,-1.17,supportive,4.0
12743,-0.04,neutral,0.0
27197,-2.65,supportive,2.0
38510,-0.74,neutral,1.0
23079,-0.28,neutral,2.0
39734,-0.32,neutral,1.0
7680,-0.17,neutral,3.0
9592,2.16,hate,4.0
25790,2.43,hate,1.0
20576,-3.18,supportive,3.0
10575,-4.25,supportive,3.0
4359,-1.69,supportive,0.0
29288,-2.38,supportive,0.0
43275,0.78,hate,4.0
5990,-1.18,supportive,2.0
2485,-3.72,supportive,3.0
33776,-0.15,neutral,2.0
46865,-0.55,neutral,3.0
36633,0.52,hate,2.0
34994,-1.22,supportive,0.0
10245,0.73,hate,1.0
16366,-1.32,supportive,4.0
18722,-4.93,supportive,3.0
20867,-1.76,supportive,0.0
2105,-1.8,supportive,0.0
9146,1.24,hate,2.0
6058,0.23,neutral,2.0
22169,-3.57,supportive,0.0
36298,-1.88,supportive,0.0
1876,-0.49,neutral,3.0
33587,-1.64,supportive,3.0
9230,0.0,neutral,2.0
11224,1.06,hate,2.0
41647,-0.71,neutral,2.0
38057,-2.5,supportive,2.0
10477,1.55,hate,2.0
14488,-4.38,supportive,1.0
15659,-3.6,supportive,1.0
21101,-3.74,supportive,0.0
46036,-0.33,neutral,4.0
6836,-0.35,neutral,3.0
10680,2.53,hate,4.0
10174,1.89,hate,0.0
49186,1.11,hate,1.0
32663,0.79,hate,2.0
43889,-0.27,neutral,3.0
48542,-1.26,supportive,2.0
2837,0.6,hate,3.0
12924,-0.24,neutral,0.0
37556,-0.7,neutral,3.0
14792,0.04,neutral,4.0
16071,-0.27,neutral,1.0
48561,0.78,hate,4.0
31907,0.22,neutral,0.0
44621,1.9,hate,4.0
14144,-2.63,supportive,4.0
21534,-1.48,supportive,1.0
16196,-2.38,supportive,4.0
7136,-0.1,neutral,1.0
4467,-2.45,supportive,1.0
464,-1.41,supportive,2.0
242,-0.88,neutral,0.0
14581,-0.02,neutral,4.0
22701,-2.96,supportive,2.0
23977,-3.1,supportive,4.0
38527,-6.5,supportive,1.0
47305,-0.37,neutral,0.0
26103,-1.35,supportive,1.0
47333,0.09,neutral,3.0
44653,-0.13,neutral,0.0
47665,-0.75,neutral,1.0
18327,-1.51,supportive,0.0
40964,-1.0,neutral,4.0
32150,-1.83,supportive,3.0
9965,1.48,hate,4.0
44808,-2.22,supportive,4.0
16663,-1.61,supportive,2.0
2161,0.25,neutral,1.0
35642,-0.53,neutral,1.0
10660,1.78,hate,0.0
21377,-3.85,supportive,4.0
11900,-0.36,neutral,4.0
13937,0.43,neutral,0.0
17852,-1.96,supportive,2.0
16044,-3.42,supportive,0.0
19246,2.54,hate,1.0
20477,2.72,hate,2.0
43839,-0.25,neutral,1.0
48267,-1.0,neutral,2.0
9364,-3.07,supportive,3.0
36873,-2.02,supportive,2.0
40750,0.23,neutral,0.0
4440,0.87,hate,4.0
33322,0.25,neutral,4.0
21029,0.15,neutral,4.0
43747,0.9,hate,4.0
36818,-4.0,supportive,0.0
43005,0.22,neutral,1.0
8261,-5.4,supportive,4.0
36477,0.77,hate,3.0
33565,-1.16,supportive,3.0
28283,-3.44,supportive,0.0
29933,-0.8,neutral,0.0
21672,0.89,hate,0.0
36407,-0.98,neutral,4.0
26867,-2.04,supportive,1.0
3204,-1.46,supportive,0.0
16532,0.67,hate,3.0
39476,-1.72,supportive,3.0
21585,-3.62,supportive,2.0
14309,-2.63,supportive,2.0
12075,-1.97,supportive,2.0
43805,-3.38,supportive,0.0
9583,2.15,hate,0.0
22558,0.19,neutral,2.0
37821,-0.91,neutral,4.0
34157,-2.71,supportive,2.0
12248,-1.57,supportive,3.0
5795,-0.81,neutral,3.0
39701,-0.87,neutral,0.0
20453,-5.32,supportive,2.0
41952,-0.03,neutral,0.0
1591,-0.83,neutral,2.0
7806,-0.25,neutral,4.0
43721,-2.42,supportive,1.0
45120,2.41,hate,0.0
18839,-2.98,supportive,0.0
45845,-1.55,supportive,1.0
40495,1.03,hate,3.0
37566,-0.29,neutral,3.0
35739,-0.39,neutral,3.0
34192,-4.47,supportive,3.0
18257,-1.06,supportive,2.0
2166,2.45,hate,1.0
40464,-1.0,neutral,1.0
32677,-4.13,supportive,1.0
41267,-4.76,supportive,1.0
17260,0.51,hate,4.0
603,-2.54,supportive,4.0
8699,-0.68,neutral,4.0
32821,-3.94,supportive,3.0
30402,-1.17,supportive,2.0
28583,-3.35,supportive,4.0
40405,-1.46,supportive,3.0
40991,0.91,hate,1.0
10082,-4.94,supportive,1.0
11487,2.24,hate,3.0
46621,2.69,hate,1.0
47706,-0.36,neutral,0.0
7311,0.08,neutral,3.0
9431,-1.57,supportive,3.0
1075,1.14,hate,1.0
27146,-4.16,supportive,3.0
4811,-0.07,neutral,4.0
34133,-4.12,supportive,4.0
10690,0.61,hate,3.0
5711,-3.77,supportive,1.0
2935,-1.03,supportive,4.0
18445,-4.66,supportive,2.0
32911,-1.49,supportive,4.0
27078,-1.19,supportive,3.0
6767,-6.03,supportive,0.0
15273,-4.42,supportive,2.0
31095,-1.11,supportive,3.0
49377,-2.91,supportive,4.0
985,-0.86,neutral,4.0
32861,-4.56,supportive,1.0
29564,0.68,hate,1.0
43141,-0.41,neutral,2.0
43550,-0.21,neutral,2.0
10526,2.92,hate,1.0
7813,0.19,neutral,0.0
47069,-0.45,neutral,2.0
8350,1.55,hate,1.0
30714,0.22,neutral,0.0
14347,-0.83,neutral,2.0
44695,0.32,neutral,0.0
23387,-3.08,supportive,0.0
32448,-0.43,neutral,0.0
36861,-5.26,supportive,1.0
16610,-4.76,supportive,2.0
21042,-5.09,supportive,0.0
2964,-0.13,neutral,2.0
3619,-0.49,neutral,0.0
45456,-0.13,neutral,2.0
48050,-1.87,supportive,1.0
19107,-1.04,supportive,1.0
40049,-0.91,neutral,1.0
36404,0.8,hate,1.0
37213,-6.03,supportive,2.0
596,-1.5,supportive,2.0
28410,-0.01,neutral,1.0
44564,-1.58,supportive,3.0
31555,-0.53,neutral,0.0
31815,-1.29,supportive,2.0
19796,-3.9,supportive,4.0
39362,-0.05,neutral,2.0
32693,-4.49,supportive,1.0
47614,-0.05,neutral,0.0
28575,-2.77,supportive,4.0
26593,-0.06,neutral,0.0
32778,-0.69,neutral,4.0
32249,1.38,hate,0.0
35257,-3.76,supportive,0.0
7958,-4.86,supportive,4.0
16205,-5.51,supportive,0.0
20707,-4.96,supportive,2.0
12805,-1.05,supportive,0.0
6828,-0.9,neutral,0.0
23907,-2.69,supportive,2.0
44612,-0.51,neutral,2.0
19473,-3.96,supportive,2.0
13437,-0.44,neutral,4.0
17078,-0.88,neutral,1.0
28168,1.6,hate,2.0
7244,-1.03,supportive,1.0
8950,-0.41,neutral,4.0
9552,-2.4,supportive,2.0
34189,-2.37,supportive,0.0
27897,-0.23,neutral,3.0
295,-0.47,neutral,4.0
27527,-1.06,supportive,3.0
5505,-0.76,neutral,3.0
20047,2.73,hate,1.0
20045,2.27,hate,4.0
20068,2.66,hate,4.0
20057,2.97,hate,4.0
20002,3.91,hate,3.0
20070,0.14,neutral,0.0
20023,3.53,hate,2.0
20011,3.62,hate,0.0
20004,2.1,hate,2.0
20013,1.57,hate,3.0
20019,2.01,hate,3.0
20020,1.63,hate,1.0
20017,1.47,hate,3.0
20018,1.27,hate,1.0
20016,2.36,hate,0.0
20026,1.32,hate,1.0
20033,1.79,hate,3.0
20043,0.46,neutral,3.0
20041,-0.23,neutral,0.0
20029,1.52,hate,2.0
20050,-0.92,neutral,0.0
20051,-0.87,neutral,0.0
20055,-2.77,supportive,0.0
20048,-2.36,supportive,4.0
20058,-2.61,supportive,0.0
20061,-3.98,supportive,0.0
20064,-4.41,supportive,1.0
20062,-5.43,supportive,2.0
20067,-4.86,supportive,0.0
